City,Lat,Lng,Max_Temp,Humidity,Cloudiness,Wind_Speed,Country,Date
Flin Flon,54.77,-101.86,38.3,80,100,4.52,CA,1601619716
Dolores,-36.31,-57.68,39.61,91,0,8.46,AR,1601619720
Orlik,52.52,99.83,30.83,73,100,4.99,RU,1601619721
Jesup,31.61,-81.89,60.8,87,1,4.97,US,1601619722
San Felipe,10.34,-68.74,71.56,91,95,2.21,VE,1601619626
Kita,13.03,-9.49,73.74,98,99,2.89,ML,1601619726
Villazón,-22.09,-65.59,51.78,64,29,4.07,BO,1601619770
Kushima,31.46,131.23,80.6,65,20,9.17,JP,1601619790
Zeya,53.75,127.27,55.18,55,100,7.23,RU,1601619798
Dali,25.7,100.18,77.56,52,35,5.39,CN,1601619820
Nikolayevsk-on-Amur,53.14,140.73,55.78,59,13,5.21,RU,1601619832
Ulaangom,49.98,92.07,42.1,55,1,4.61,MN,1601619840
Belle Glade,26.68,-80.67,75.0,98,95,1.01,US,1601619876
Terrasini,38.15,13.08,70.0,82,5,4.7,IT,1601619881
Alta Gracia,-31.65,-64.43,54.0,45,0,6.93,AR,1601619960
Kapaa,22.08,-159.32,78.8,78,1,4.7,US,1601620125
Arlit,18.74,7.39,90.64,33,58,7.96,NE,1601620150
Águas Formosas,-17.08,-40.94,65.64,92,1,0.65,BR,1601620152
Inhambane,-23.86,35.38,73.4,88,75,5.82,MZ,1601620222
Aswān,24.09,32.91,97.05,16,0,10.31,EG,1601620245
Hofn,64.25,-15.21,44.49,56,97,3.96,IS,1601620126
Grand Gaube,-20.01,57.66,78.01,61,1,5.01,MU,1601620252
Shchors,51.82,31.95,58.1,56,95,15.5,UA,1601620253
New Norfolk,-42.78,147.06,66.99,50,0,7.0,AU,1601620254
Boende,-0.22,20.87,76.62,83,99,2.26,CD,1601620262
Qurayyat,31.33,37.34,75.2,57,0,9.17,SA,1601620263
Erenhot,43.65,111.98,50.92,40,0,14.0,CN,1601620265
Tazovsky,67.47,78.7,43.29,91,100,11.68,RU,1601620071
Narsaq,60.92,-46.05,37.4,92,100,16.11,GL,1601620027
Saldanha,-33.01,17.94,53.6,81,20,11.41,ZA,1601620272
Una,20.82,71.03,88.56,59,74,3.51,IN,1601620279
Najrān,17.49,44.13,82.4,14,0,6.93,SA,1601620286
Gurupá,-1.41,-51.64,73.96,87,79,3.4,BR,1601620309
Ukiah,39.15,-123.21,75.0,55,90,3.09,US,1601620202
Noumea,-22.28,166.46,77.0,57,0,12.75,NC,1601620203
Sfântu Gheorghe,45.87,25.78,53.01,88,28,1.25,RO,1601620335
Itaituba,-4.28,-55.98,71.56,93,18,1.86,BR,1601620347
Hilo,19.73,-155.09,80.6,78,90,8.05,US,1601620275
Erdemli,36.6,34.31,77.88,55,3,3.27,TR,1601620381
Saskylakh,71.92,114.08,29.03,95,100,21.16,RU,1601620441
Waverly,42.74,-84.62,43.0,80,1,6.93,US,1601620240
Qaanaaq,77.48,-69.36,17.46,82,0,6.24,GL,1601620465
Lianran,24.92,102.48,82.0,64,40,13.42,CN,1601620469
Hambantota,6.12,81.12,91.4,66,40,14.99,LK,1601620473
San Jose,37.34,-121.89,78.01,46,90,0.31,US,1601620275
Diego de Almagro,-26.37,-70.05,52.54,64,0,0.51,CL,1601620497
Nānākuli,21.39,-158.15,82.0,69,1,3.36,US,1601620513
Port Elizabeth,-33.92,25.57,60.8,59,75,19.46,ZA,1601620520
Raudeberg,61.99,5.14,62.01,57,58,3.91,NO,1601620521
Moscow,55.75,37.62,53.6,66,96,6.71,RU,1601620132
Hithadhoo,-0.6,73.08,83.73,65,100,3.78,MV,1601620528
Arteaga,18.47,-102.42,62.55,90,0,2.21,MX,1601620546
Pedra Azul,-16.01,-41.3,60.04,97,17,2.86,BR,1601620623
Jumla,29.27,82.18,61.0,96,0,1.01,NP,1601620631
Vangaindrano,-23.35,47.6,82.54,61,3,1.59,MG,1601620636
Rio Grande,-32.03,-52.1,64.0,98,100,1.99,BR,1601620637
Mariehamn,60.1,19.93,55.4,87,81,9.17,AX,1601620637
Katherine,-14.47,132.27,98.6,19,40,16.11,AU,1601620639
Yerbogachën,61.28,108.01,37.96,70,90,7.85,RU,1601620660
Moses Lake,47.13,-119.28,60.8,62,1,1.43,US,1601620370
Algodones,20.39,-105.48,74.12,93,9,4.61,MX,1601620668
Dikson,73.51,80.55,34.5,86,100,20.42,RU,1601620669
Mt. Pleasant,32.79,-79.86,66.99,100,20,8.55,US,1601620672
Vestmanna,62.16,-7.17,55.4,76,85,19.46,FO,1601620676
Bokajān,26.02,93.78,87.69,74,39,3.69,IN,1601620679
Tokur,53.13,132.9,50.79,59,100,2.71,RU,1601620681
Kédougou,12.56,-12.17,78.8,83,100,6.93,SN,1601620684
Arraial do Cabo,-22.97,-42.03,73.63,88,72,21.65,BR,1601620685
Uruguaiana,-29.75,-57.09,68.0,88,90,11.41,BR,1601620696
Thompson,55.74,-97.86,32.0,85,75,2.06,CA,1601620703
Ponta Delgada,37.73,-25.67,68.0,72,75,8.05,PT,1601620733
Menzelinsk,55.73,53.1,55.4,76,0,2.24,RU,1601620734
Nome,64.5,-165.41,48.2,81,90,16.11,US,1601620735
Barcelos,41.54,-8.62,59.0,93,75,14.99,PT,1601620480
Kumluca,36.37,30.29,77.16,45,0,1.48,TR,1601620740
Usinsk,65.99,57.53,46.87,87,100,17.0,RU,1601620741
Nador,35.17,-2.93,71.6,78,40,12.75,MA,1601620748
Grindavik,63.84,-22.43,39.2,86,40,11.41,IS,1601620752
Turukhansk,65.82,87.98,40.77,97,100,11.25,RU,1601620805
Shatsk,54.03,41.71,60.35,49,0,9.19,RU,1601620891
Ylivieska,64.08,24.55,48.99,96,72,4.0,FI,1601620893
Huejuquilla el Alto,22.6,-103.87,55.63,42,0,5.99,MX,1601620922
Garden City,42.33,-83.33,50.0,87,90,8.05,US,1601620924
Asău,46.43,26.4,52.0,87,81,4.65,RO,1601620947
Oga,46.46,10.35,62.01,100,90,1.12,IT,1601620949
Pevek,69.7,170.31,35.8,81,98,10.83,RU,1601620950
Amga,60.9,131.96,40.77,62,100,3.09,RU,1601620950
Biak,-0.91,122.88,82.42,73,85,9.55,ID,1601620951
Fairbanks,64.84,-147.72,53.01,50,1,6.93,US,1601620954
Benidorm,38.54,-0.13,72.0,52,100,1.01,ES,1601620863
Gaspar,-26.93,-48.96,69.01,95,1,1.66,BR,1601620971
Bemidji,47.47,-94.88,36.0,92,75,2.82,US,1601621004
Kloulklubed,7.04,134.26,80.6,83,90,10.29,PW,1601621010
Comodoro Rivadavia,-45.87,-67.5,32.0,74,20,8.05,AR,1601620796
Mareeba,-17.0,145.43,80.6,54,100,24.16,AU,1601621013
Tandil,-37.32,-59.13,35.4,91,0,7.67,AR,1601620840
Belyy Yar,53.6,91.39,44.6,52,68,2.24,RU,1601621039
Celestún,20.87,-90.4,78.15,87,100,14.27,MX,1601621041
Mandalgovi,45.76,106.27,45.64,47,100,8.43,MN,1601621056
New Richmond,45.12,-92.54,39.2,80,1,5.82,US,1601621073
Talas,38.69,35.55,57.2,87,20,1.12,TR,1601621074
Povenets,62.85,34.83,50.45,78,0,4.7,RU,1601621150
Shimoda,34.67,138.95,75.2,60,20,5.82,JP,1601621158
Tahe,52.33,124.73,47.35,81,100,7.49,CN,1601621173
Aklavik,68.22,-135.01,42.8,81,20,3.36,CA,1601621174
Evensk,61.95,159.23,39.27,70,0,1.12,RU,1601621174
Mitrofanovka,49.97,39.69,64.87,31,69,19.73,RU,1601621187
Naze,28.37,129.48,84.2,62,20,13.87,JP,1601621209
Sterling,39.01,-77.43,57.2,93,90,3.36,US,1601621215
Port-Gentil,-0.72,8.78,78.8,78,40,10.29,GA,1601621223
Sapa,5.15,120.32,84.94,70,0,4.76,PH,1601621224
Ambon City,-3.7,128.18,86.0,70,20,9.17,ID,1601621228
Poum,-20.23,164.02,72.95,66,100,11.56,NC,1601621236
Brae,60.4,-1.35,55.4,87,75,29.97,GB,1601621237
Moussoro,13.64,16.49,88.3,42,0,11.61,TD,1601621241
Ucluelet,48.93,-125.55,55.0,92,25,4.52,CA,1601621270
Nhulunbuy,-12.23,136.77,84.2,58,40,19.46,AU,1601621330
Veshkayma,54.05,47.13,59.25,57,0,4.63,RU,1601621380
Bac Lieu,9.29,105.72,85.96,72,99,14.47,VN,1601621226
Rivera,-30.91,-55.55,60.17,96,100,14.45,UY,1601621404
Upernavik,72.79,-56.15,22.06,91,37,10.0,GL,1601621426
Panguipulli,-39.63,-72.33,37.4,93,100,3.36,CL,1601621284
College,64.86,-147.8,51.8,57,75,3.36,US,1601621449
Las Choapas,17.93,-94.08,73.9,85,100,8.97,MX,1601621453
Pisco,-13.7,-76.22,62.6,82,0,12.75,PE,1601621455
Murgab,37.5,61.97,71.6,35,0,5.53,TM,1601621455
Ixtapa,20.7,-105.2,81.0,89,32,3.22,MX,1601621471
Okoneshnikovo,54.84,75.08,58.59,70,78,8.34,RU,1601621473
Benghazi,32.12,20.07,77.23,56,85,20.33,LY,1601621475
Saint George,37.1,-113.58,77.0,9,1,3.36,US,1601621377
Fare,-16.7,-151.02,79.66,77,10,21.47,PF,1601621484
Jining,35.41,116.58,75.0,1,100,5.08,CN,1601621486
Inyonga,-6.72,32.07,79.27,38,0,7.45,TZ,1601621487
São Borja,-28.66,-56.0,72.64,91,79,8.12,BR,1601621458
Methóni,36.82,21.7,73.0,68,20,5.3,GR,1601621496
Port Macquarie,-31.43,152.92,72.0,55,0,7.47,AU,1601621369
Giohar,2.78,45.5,85.23,60,98,11.95,SO,1601621560
Portree,57.41,-6.19,50.0,91,87,5.01,GB,1601621561
Guerrero Negro,27.98,-114.06,76.96,57,0,9.15,MX,1601621564
Pitimbu,-7.47,-34.81,73.4,100,75,4.7,BR,1601621565
Gillette,44.29,-105.5,50.0,46,1,10.29,US,1601621572
Norman Wells,65.28,-126.83,42.8,87,40,4.7,CA,1601621573
Kathmandu,27.72,85.32,82.4,65,40,5.82,NP,1601621458
Almaznyy,48.04,40.05,60.8,59,40,20.13,RU,1601621654
Bodītī,6.97,37.87,67.35,70,0,3.42,ET,1601621662
Megion,61.03,76.11,55.4,71,78,8.95,RU,1601621691
Namatanai,-3.67,152.43,80.33,76,100,4.25,PG,1601621705
Kralendijk,12.15,-68.27,82.4,83,100,9.17,BQ,1601621717
Bar Harbor,44.39,-68.2,59.0,93,90,0.94,US,1601621730
Egvekinot,66.32,-179.17,33.17,92,100,18.61,RU,1601621734
Coahuayana Viejo,18.73,-103.68,76.53,83,59,3.69,MX,1601621735
Lábrea,-7.26,-64.8,72.18,91,70,2.17,BR,1601621803
Khovd,48.01,91.64,38.01,66,97,6.91,MN,1601621867
Marsh Harbour,26.54,-77.06,81.88,76,99,8.03,BS,1601621907
Avarua,-21.21,-159.78,75.2,94,0,9.17,CK,1601621940
Port Hardy,50.7,-127.42,51.8,93,5,2.24,CA,1601621971
Plettenberg Bay,-34.05,23.37,57.6,75,100,21.12,ZA,1601621985
Coos Bay,43.37,-124.22,57.99,100,90,5.82,US,1601621987
Perth,-31.93,115.83,63.0,55,75,18.34,AU,1601621963
Bloomfield,40.81,-74.19,61.0,82,90,4.25,US,1601622054
Bairiki Village,1.33,172.98,82.4,69,20,8.05,KI,1601622057
Rundu,-17.93,19.77,81.9,13,18,5.37,NA,1601622164
Juradó,7.11,-77.76,76.08,89,98,0.74,CO,1601622166
Chicama,-7.84,-79.15,61.47,85,58,4.7,PE,1601622201
Kholodnyy,62.72,147.95,36.34,74,0,2.95,RU,1601622203
Toužim,50.06,12.99,52.0,100,20,3.36,CZ,1601622242
Dongli,23.57,116.82,86.0,55,40,4.47,CN,1601622245
Filingué,14.35,3.32,82.98,63,0,14.36,NE,1601622246
Saint Anthony,45.02,-93.22,43.0,67,90,3.36,US,1601622250
Kovernino,57.13,43.81,59.97,64,0,3.24,RU,1601622254
Kulhudhuffushi,6.62,73.07,82.33,74,0,10.29,MV,1601622069
Ballina,-28.87,153.57,75.2,78,0,14.99,AU,1601622273
Mahdalynivka,48.92,34.92,57.2,82,75,8.95,UA,1601622275
Durban,-29.86,31.03,62.01,82,90,5.82,ZA,1601622172
Omboué,-1.57,9.26,77.86,76,99,5.7,GA,1601622277
Haldia,22.06,88.11,80.6,85,100,5.39,IN,1601622288
Cherskiy,68.75,161.3,31.14,90,72,2.8,RU,1601622290
Rio Brilhante,-21.8,-54.55,80.24,32,38,3.38,BR,1601622144
Cabo San Lucas,22.89,-109.91,82.0,75,2,1.99,MX,1601622043
Atuona,-9.8,-139.03,78.55,76,14,24.94,PF,1601622346
Laas,46.62,10.7,55.0,100,90,11.41,IT,1601622354
Ayan,56.45,138.17,51.21,56,3,0.94,RU,1601622357
Bathsheba,13.22,-59.52,82.4,78,20,10.29,BB,1601622363
Puerto Ayacucho,5.66,-67.62,74.3,93,99,4.03,VE,1601622367
Lékoni,-1.58,14.26,74.34,83,97,5.84,GA,1601622373
Oranjestad,12.52,-70.03,82.4,83,20,10.29,AW,1601622325
Toribío,2.95,-76.27,72.0,53,84,5.66,CO,1601622416
Liverpool,53.41,-2.98,48.99,87,100,14.99,GB,1601622416
Arrondissement de Carpentras,44.08,5.17,68.0,72,90,18.34,FR,1601622424
North Platte,41.12,-100.77,41.0,69,1,5.61,US,1601622149
Florø,61.6,5.03,57.2,71,100,9.17,NO,1601622454
Oistins,13.07,-59.53,82.4,78,20,10.29,BB,1601622456
Kostanay,53.17,63.58,59.0,51,35,2.24,KZ,1601622460
Kavaratti,10.57,72.64,84.2,74,40,6.93,IN,1601622461
Kaiu,59.01,25.06,53.01,87,0,9.17,EE,1601622469
Alta Floresta,-9.88,-56.09,68.52,93,100,2.8,BR,1601622471
Jiangyou,31.77,104.72,70.99,75,100,1.63,CN,1601622492
Khatanga,71.97,102.5,30.97,95,99,15.52,RU,1601622503
Paharpur,32.1,70.97,97.61,9,0,7.65,PK,1601622493
Karligan,14.97,122.05,85.57,70,58,8.01,PH,1601622532
Honiara,-9.43,159.95,87.8,55,75,11.41,SB,1601622534
Sulangan,11.14,123.72,85.69,68,9,7.18,PH,1601622535
Gijang,35.24,129.21,77.0,53,20,14.99,KR,1601622640
Yar-Sale,66.83,70.83,49.08,77,88,12.19,RU,1601622640
Muros,42.78,-9.06,53.01,85,73,3.0,ES,1601622642
Manono,-7.3,27.42,82.13,63,72,3.83,CD,1601622664
Samarai,-10.62,150.67,78.53,85,100,20.89,PG,1601622665
Kochi,9.94,76.26,86.0,70,40,3.36,IN,1601622771
Paracuru,-3.41,-39.03,78.01,72,97,7.0,BR,1601622772
Constitución,-35.33,-72.42,45.27,75,0,5.73,CL,1601622804
Añisoc,1.87,10.77,72.54,91,99,0.67,GQ,1601622832
Manacapuru,-3.3,-60.62,73.4,94,40,1.12,BR,1601622847
Yellowknife,62.46,-114.35,39.2,86,40,6.93,CA,1601622853
Marabu,4.41,114.01,86.0,79,40,4.7,MY,1601622800
Hong Kong,22.29,114.16,87.8,58,20,14.99,HK,1601622661
Karatau,43.17,70.47,60.21,32,100,4.54,KZ,1601622882
Camacha,33.08,-16.33,69.8,73,20,13.87,PT,1601622884
Dhārchula,29.85,80.53,81.59,37,0,6.44,IN,1601622885
Manaus,-3.1,-60.02,77.0,83,40,2.24,BR,1601622886
Barstow,34.9,-117.02,71.6,11,1,8.05,US,1601622637
Stawell,-37.05,142.77,73.45,77,0,9.35,AU,1601622888
Claresholm,50.03,-113.59,60.8,48,16,16.11,CA,1601622897
Seydişehir,37.42,31.85,64.58,42,0,3.31,TR,1601622916
Bétérou,9.2,2.26,72.14,95,67,4.59,BJ,1601622666
Chornukhy,50.27,32.94,59.11,69,17,15.82,UA,1601622919
Mahébourg,-20.41,57.7,78.8,65,40,11.41,MU,1601622921
La Orilla,17.98,-102.23,75.92,88,0,4.47,MX,1601622947
Xining,36.62,101.77,60.12,34,0,9.64,CN,1601622949
Concarneau,47.88,-3.92,48.2,93,75,11.41,FR,1601622950
Galesong,-5.32,119.37,96.8,32,20,11.41,ID,1601622951
Khandagayty,50.73,92.05,39.36,58,39,0.81,RU,1601622971
Colares,38.8,-9.45,66.2,88,75,10.29,PT,1601622994
Waingapu,-9.66,120.26,88.5,44,100,17.07,ID,1601622995
Smithers,54.78,-127.17,48.2,93,1,3.36,CA,1601622998
Valkeala,60.94,26.8,48.0,100,100,8.05,FI,1601623000
Montrose,38.42,-108.27,51.8,25,1,9.17,US,1601623043
Sæby,57.33,10.52,59.0,93,90,19.46,DK,1601623045
Marawi,8.0,124.29,84.99,78,100,7.0,PH,1601623046
Wajir,1.75,40.06,82.4,61,75,3.36,KE,1601623053
San Francisco,37.77,-122.42,71.01,52,20,6.93,US,1601622900
Bambous Virieux,-20.34,57.76,78.8,65,40,11.41,MU,1601623056
Kieta,-6.22,155.63,81.27,70,0,1.59,PG,1601623060
Ancud,-41.87,-73.82,37.0,82,0,5.82,CL,1601623064
Yongchang,30.04,119.73,88.0,44,7,7.0,CN,1601623096
Juneau,58.3,-134.42,48.0,100,75,3.36,US,1601623097
Sabang,5.89,95.32,83.1,78,85,19.28,ID,1601623108
Muisne,0.6,-80.03,72.64,86,100,9.53,EC,1601623115
Batagay,67.63,134.63,33.06,79,84,5.55,RU,1601623119
Moerai,-22.43,-151.33,75.47,86,0,14.14,PF,1601623122
Dévaványa,47.03,20.97,59.0,93,100,6.93,HU,1601623123
Zárate,-34.1,-59.03,48.99,75,0,4.0,AR,1601623125
Agadez,19.75,10.25,83.95,15,0,10.13,NE,1601623130
Valparaíso,-33.04,-71.63,48.99,76,0,3.36,CL,1601623080
Butaritari,3.07,172.79,81.3,69,23,15.82,KI,1601623159
Chipinge,-20.19,32.62,70.52,69,64,6.26,ZW,1601623232
Aras,42.56,-2.36,55.99,93,90,5.82,ES,1601623247
Churapcha,62.0,132.43,38.21,67,68,4.79,RU,1601623249
Isangel,-19.55,169.27,69.8,94,90,10.04,VU,1601623250
Kiama,-34.68,150.87,73.99,62,0,15.01,AU,1601623251
Abaí,-26.03,-55.93,86.11,29,0,5.82,PY,1601623252
Gofitskoye,45.08,43.05,65.53,49,95,17.94,RU,1601623262
Tacarigua,10.09,-67.92,71.26,88,76,0.43,VE,1601623289
Troitsko-Pechorsk,62.71,56.2,50.79,87,95,6.33,RU,1601623302
Boa Vista,2.82,-60.67,80.6,69,1,6.93,BR,1601623269
Hobyo,5.35,48.53,84.4,62,9,14.32,SO,1601623305
Barra do Bugres,-15.07,-57.18,85.05,30,98,3.74,BR,1601623306
Qinzhou,21.95,108.62,86.22,76,98,10.69,CN,1601623307
Hānsi,29.1,75.97,98.11,13,0,6.8,IN,1601623330
Adrar,20.5,-10.07,84.4,21,0,13.38,MR,1601623467
Ponta do Sol,32.67,-17.1,68.0,82,20,5.82,PT,1601623469
Kenai,60.55,-151.26,52.0,66,20,12.75,US,1601623470
Coquimbo,-29.95,-71.34,48.2,87,1,4.7,CL,1601623471
Olafsvik,64.89,-23.71,43.72,79,100,18.72,IS,1601623474
Moree,-29.47,149.85,82.4,14,0,10.29,AU,1601623475
Yenagoa,4.92,6.26,77.2,87,41,3.78,NG,1601623510
Nikolskoye,59.7,30.79,53.01,76,22,8.95,RU,1601623512
Lerwick,60.15,-1.15,55.4,87,75,32.21,GB,1601623527
Geraldton,-28.77,114.6,60.8,82,90,21.92,AU,1601623528
Araguaína,-7.19,-48.21,77.2,56,92,1.54,BR,1601623372
Yangi Marg`ilon,40.43,71.72,68.0,30,0,6.93,UZ,1601623547
Faanui,-16.48,-151.75,79.14,79,100,20.51,PF,1601623569
Sola,-13.88,167.55,82.4,83,75,9.95,VU,1601623593
Rincon,32.3,-81.24,64.4,82,1,6.93,US,1601623594
Tlalnepantla,19.53,-99.22,51.8,53,5,4.7,MX,1601623599
Coyhaique,-45.58,-72.07,26.6,79,0,2.24,CL,1601623600
Hualmay,-11.1,-77.61,60.04,87,10,8.41,PE,1601623637
Nouakchott,18.09,-15.98,80.6,34,72,10.29,MR,1601623661
Nanortalik,60.14,-45.24,39.42,86,100,11.74,GL,1601623667
Guadalupe y Calvo,26.1,-106.97,48.87,58,0,6.96,MX,1601623669
Brigantine,39.41,-74.36,62.01,67,90,3.36,US,1601623511
Hayesville,44.99,-122.98,59.0,93,1,0.87,US,1601623685
Tuktoyaktuk,69.45,-133.04,38.17,95,100,7.34,CA,1601623687
Port Alfred,-33.59,26.89,58.84,74,89,23.4,ZA,1601623547
Viedma,-40.81,-63.0,41.07,64,100,10.09,AR,1601623700
Tena,-0.98,-77.82,66.4,62,6,4.32,EC,1601623712
Farrukhnagar,17.08,78.2,87.8,58,20,9.17,IN,1601623735
Champerico,14.3,-91.92,64.99,97,98,4.34,GT,1601623737
San Rafael,-34.62,-68.33,47.77,48,0,5.08,AR,1601623744
Clyde River,70.47,-68.59,28.4,92,90,13.87,CA,1601623763
Milos,36.75,24.43,75.2,69,20,11.41,GR,1601623788
Cayenne,4.93,-52.33,73.4,100,100,3.4,GF,1601623789
Lompoc,34.64,-120.46,69.8,55,1,4.7,US,1601623791
Alice Springs,-23.7,133.88,95.0,8,28,8.05,AU,1601623819
Bambanglipuro,-7.95,110.28,83.84,69,9,16.8,ID,1601623850
Lazi,48.07,24.23,52.34,84,100,3.6,UA,1601623866
Kouango,4.99,19.96,79.02,82,100,3.56,CF,1601623870
Labuhan,-6.88,112.21,88.12,61,70,13.42,ID,1601623872
Padang,-0.95,100.35,80.44,80,100,6.53,ID,1601623894
Kapit,2.02,112.93,89.76,65,100,0.87,MY,1601623895
Simao,22.79,100.97,80.91,60,65,3.22,CN,1601623906
Rosendal,59.99,6.01,61.0,61,82,1.99,NO,1601623909
Shangrao,28.45,117.97,83.75,62,2,4.21,CN,1601623910
Tautira,-17.73,-149.15,78.8,65,40,5.82,PF,1601623927
Tānsen,27.87,83.55,76.01,74,26,4.79,NP,1601623948
Ushibukamachi,32.19,130.02,74.97,64,0,4.92,JP,1601623860
Sørland,67.67,12.69,53.6,87,0,6.93,NO,1601623973
Am Timan,11.03,20.28,81.43,77,0,4.63,TD,1601623981
Nefteyugansk,61.1,72.6,53.6,71,75,8.95,RU,1601623982
Taldan,53.67,124.8,48.02,73,100,5.95,RU,1601623983
Bredasdorp,-34.53,20.04,55.4,87,90,11.41,ZA,1601623985
Kirakira,-10.45,161.92,78.93,76,79,7.47,SB,1601623990
Araouane,18.9,-3.53,93.96,30,0,14.0,ML,1601623991
Solnechnyy,50.72,136.63,50.54,71,100,2.06,RU,1601623993
Tilichiki,60.47,166.1,36.82,81,40,13.8,RU,1601624037
Podyuga,61.09,40.86,56.66,64,40,4.92,RU,1601624038
Landau,49.21,8.11,57.99,93,100,1.99,DE,1601624069
Belmonte,-15.86,-38.88,69.8,88,40,1.12,BR,1601624070
Hutchinson,38.06,-97.93,43.0,80,1,2.91,US,1601623924
Kahului,20.89,-156.47,80.6,78,40,9.17,US,1601623791
Hay River,60.82,-115.8,33.8,100,90,4.68,CA,1601623811
Kondratovo,57.98,56.11,55.4,76,64,2.24,RU,1601624076
Tabou,4.42,-7.35,78.03,85,100,9.35,CI,1601624080
Madera,37.17,-119.83,75.99,38,0,1.01,US,1601624001
Castro,-24.79,-50.01,73.35,42,97,2.28,BR,1601623915
Cap Malheureux,-19.98,57.61,79.0,60,0,5.01,MU,1601624096
Cururupu,-1.83,-44.87,74.77,92,11,4.0,BR,1601624099
Gizo Government Station,-8.1,156.84,82.96,72,14,6.44,SB,1601624101
Carauari,-4.88,-66.9,70.36,94,100,1.23,BR,1601624103
Yanam,16.73,82.22,87.8,66,90,8.05,IN,1601624105
Tanhaçu,-14.02,-41.25,65.39,93,64,5.19,BR,1601624169
Mount Gambier,-37.83,140.77,82.4,32,0,14.99,AU,1601624170
Rikitea,-23.12,-134.97,73.0,79,0,19.62,PF,1601624197
Torbay,47.67,-52.73,60.01,93,90,13.87,CA,1601624201
Frontera,26.93,-101.45,70.0,38,0,0.76,MX,1601624202
Koyima,8.7,-11.03,71.22,98,100,1.25,SL,1601624205
Exeter,50.72,-3.53,51.01,95,100,3.0,GB,1601624025
Nanyuki,0.02,37.07,72.88,47,76,6.91,KE,1601624229
Vila Velha,-20.33,-40.29,77.0,73,40,10.29,BR,1601624231
Zonguldak,41.25,31.83,72.41,35,0,3.13,TR,1601624231
Ushuaia,-54.8,-68.3,32.0,90,75,20.8,AR,1601624237
Kawalu,-7.38,108.21,81.09,78,61,5.79,ID,1601624238
Katsuura,35.13,140.3,75.99,59,0,3.0,JP,1601624244
Shingū,33.73,135.98,77.0,65,20,5.82,JP,1601624245
Saint Paul Harbor,57.79,-152.41,50.0,87,90,29.97,US,1601624269
Vanimo,-2.67,141.3,78.33,83,100,8.59,PG,1601624286
Lavrentiya,65.58,-171.0,40.24,87,100,13.4,RU,1601624300
Sretensk,52.25,117.71,48.2,71,95,7.36,RU,1601624332
Chokurdakh,70.63,147.92,29.08,98,100,5.35,RU,1601624333
Mehamn,71.04,27.85,42.8,87,75,3.36,NO,1601624339
Mudon,16.26,97.72,84.88,79,70,10.56,MM,1601624339
Wewak,-3.55,143.63,76.69,85,100,4.81,PG,1601624349
Oyama,36.3,139.8,79.0,49,20,10.29,JP,1601624353
Orotukan,62.27,151.7,33.76,88,3,2.51,RU,1601624378
Bengkulu,-3.8,102.27,81.77,71,77,5.57,ID,1601624390
Hefei,31.86,117.28,80.6,51,20,8.95,CN,1601624392
Lüderitz,-26.65,15.16,59.11,57,0,4.68,NA,1601624392
Ariquemes,-9.91,-63.04,73.27,89,99,0.65,BR,1601624471
Murray,40.67,-111.89,60.01,28,0,8.05,US,1601624331
Pinega,64.7,43.39,52.79,73,13,5.84,RU,1601624474
Blagoyevo,63.37,47.92,52.3,77,89,4.94,RU,1601624478
Esim,4.87,-2.24,77.56,83,19,6.82,GH,1601624501
Matara,5.95,80.54,85.35,66,42,14.85,LK,1601624503
Kassala,15.45,36.4,90.32,40,50,2.48,SD,1601624505
Oliver,49.18,-119.55,48.2,93,75,4.7,CA,1601624279
Ugoofaaru,5.67,73.0,82.54,73,56,11.54,MV,1601624558
Balkanabat,39.51,54.37,75.81,17,0,7.49,TM,1601624595
Touros,-5.2,-35.46,71.6,94,40,3.36,BR,1601624647
Owando,-0.48,15.9,80.94,67,98,2.68,CG,1601624661
Yinchuan,38.47,106.27,64.98,25,3,3.96,CN,1601624655
Saint-Pierre,-21.34,55.48,78.8,61,5,9.17,RE,1601624663
Nemuro,43.32,145.57,59.0,82,75,6.93,JP,1601624664
Carnarvon,-24.87,113.63,73.4,60,16,12.75,AU,1601624672
Acapulco de Juárez,16.86,-99.89,78.89,80,79,4.0,MX,1601624546
Santa Lucía,27.91,-15.54,73.4,60,75,16.11,ES,1601624676
Bilibino,68.05,166.44,25.2,94,1,3.71,RU,1601624679
San Lorenzo,-25.33,-57.53,80.6,54,44,10.29,PY,1601624564
Talnakh,69.49,88.4,35.6,100,75,8.95,RU,1601624680
Neustadt an der Waldnaab,49.71,12.09,54.0,100,90,5.88,DE,1601624682
Guhāgar,17.48,73.19,85.06,68,33,8.39,IN,1601624686
Kharan,28.58,65.42,89.73,12,0,9.69,PK,1601624688
Kemijärvi,66.71,27.43,51.01,85,99,2.75,FI,1601624691
Santa Cruz de la Sierra,-17.8,-63.17,75.2,83,1,10.29,BO,1601624677
Mossamedes,-15.2,12.15,69.48,71,78,5.32,AO,1601624693
Ust-Tsilma,65.44,52.15,49.32,81,92,10.0,RU,1601624703
Lata,40.16,-8.33,64.0,93,100,5.99,PT,1601624705
Puerto Maldonado,-12.6,-69.18,75.6,63,48,2.3,PE,1601624709
Buraidah,26.33,43.98,93.2,21,0,3.36,SA,1601624715
Dingle,11.0,122.67,85.62,75,98,1.41,PH,1601624717
Oriximiná,-1.77,-55.87,78.37,64,46,3.06,BR,1601624718
Qaqortoq,60.72,-46.03,37.4,97,100,14.99,GL,1601624722
Polunochnoye,60.87,60.42,56.39,69,87,8.95,RU,1601624739
Lovozero,68.0,35.01,45.63,88,100,4.34,RU,1601624762
Gimli,50.63,-96.99,30.99,99,88,3.98,CA,1601624709
Madīnat Sittah Uktūbar,29.82,31.05,77.0,69,0,5.99,EG,1601624816
Puerto Escondido,15.85,-97.07,77.58,75,16,4.25,MX,1601624817
Tual,-5.67,132.75,81.43,77,70,22.19,ID,1601624818
Bubaque,11.28,-15.83,81.3,78,48,9.55,GW,1601624819
Urambo,-5.07,32.05,84.45,32,14,7.14,TZ,1601624820
Russellville,35.28,-93.13,48.0,87,1,2.77,US,1601624822
Prainha,-1.8,-53.48,74.73,83,85,3.8,BR,1601624830
Novyye Burasy,52.13,46.07,62.01,36,0,1.99,RU,1601624831
Marshall,34.38,-86.33,51.8,66,1,5.82,US,1601624835
Praia da Vitória,38.73,-27.07,68.0,94,75,14.72,PT,1601624837
Kamenka,51.32,42.77,64.0,46,100,15.77,RU,1601624902
Tiksi,71.69,128.87,26.31,94,43,16.67,RU,1601624903
Meulaboh,4.14,96.13,79.61,82,100,4.29,ID,1601624904
Krasne,49.91,24.61,53.6,93,75,8.95,UA,1601624935
Ceuta,35.89,-5.31,69.8,72,75,13.87,ES,1601624936
Avera,33.19,-82.53,59.0,87,1,6.93,US,1601624959
Stornoway,58.21,-6.39,52.0,93,40,11.41,GB,1601624961
San Policarpo,12.18,125.51,84.87,77,54,4.88,PH,1601624988
Iqaluit,63.75,-68.51,26.6,73,40,11.41,CA,1601624990
Nabire,-3.37,135.48,84.06,71,19,2.06,ID,1601625042
Hastings,50.86,0.57,53.01,99,100,4.0,GB,1601625043
Talara,-4.58,-81.27,62.74,86,3,15.19,PE,1601625064
Kikwit,-5.04,18.82,84.51,60,90,2.53,CD,1601625068
Aripuanã,-9.17,-60.63,69.69,98,95,2.01,BR,1601625069
Grenfell,-33.9,148.17,58.8,69,0,2.57,AU,1601625089
Haines Junction,60.75,-137.51,39.54,81,100,2.95,CA,1601625095
Gambēla,8.25,34.58,88.34,56,6,0.81,ET,1601625097
Jacareacanga,-6.22,-57.75,70.48,97,92,1.25,BR,1601625099
Aksarka,66.56,67.8,51.3,66,91,15.46,RU,1601625101
Barrow,71.29,-156.79,33.8,86,90,12.75,US,1601624947
Pandan,14.05,124.17,84.76,73,100,8.95,PH,1601625129
Montego Bay,18.47,-77.92,78.8,83,40,1.12,JM,1601625092
Staropyshminsk,56.94,60.9,60.8,55,3,8.95,RU,1601625195
Subtanjalla,-14.02,-75.76,60.8,87,0,9.17,PE,1601625197
Bluff,-46.6,168.33,59.0,62,100,13.0,NZ,1601625197
Husavik,66.04,-17.34,21.2,92,100,6.93,IS,1601625201
Kruisfontein,-34.0,24.73,61.0,66,100,8.01,ZA,1601625201
Benguela,-12.58,13.41,74.32,72,99,4.21,AO,1601625203
Casablanca,33.59,-7.62,66.2,68,90,4.7,MA,1601625114
Kankaanpää,61.8,22.42,50.0,93,100,8.05,FI,1601625209
Lebu,-37.62,-73.65,43.77,87,15,12.37,CL,1601625216
Garoowe,8.41,48.48,89.1,41,0,10.31,SO,1601625232
Vila Franca do Campo,37.72,-25.43,66.2,77,40,6.93,PT,1601625233
Tessalit,20.2,1.01,92.21,25,0,7.18,ML,1601625250
Purranque,-40.92,-73.17,39.2,86,53,2.24,CL,1601625251
Gushi,34.64,109.58,55.0,79,100,1.72,CN,1601625251
Itoman,26.12,127.67,84.2,62,20,16.11,JP,1601625272
San Quintín,30.48,-115.95,73.99,58,0,5.91,MX,1601625274
Tura,25.52,90.22,83.59,80,100,2.53,IN,1601625296
Half Moon Bay,37.46,-122.43,69.01,77,75,2.17,US,1601625031
Esna,25.29,32.55,98.29,16,0,8.05,EG,1601625300
Spas-Klepiki,55.13,40.18,61.0,46,36,5.01,RU,1601625301
Phetchaburi,12.97,99.58,87.8,66,40,6.93,TH,1601625382
Mahon,39.89,4.27,73.4,83,40,19.46,ES,1601625389
Kaitangata,-46.28,169.85,55.0,59,100,1.99,NZ,1601625391
Susanville,40.42,-120.65,55.99,29,1,4.7,US,1601625226
The Valley,18.22,-63.06,82.99,78,20,11.41,AI,1601625401
Zhigansk,66.77,123.37,34.2,83,84,14.99,RU,1601625417
Botshabelo,-29.27,26.71,64.4,52,0,21.92,ZA,1601625417
Bourail,-21.57,165.48,68.72,69,0,10.42,NC,1601625419
Sayán,-11.14,-77.19,61.56,68,0,1.54,PE,1601625421
Beloha,-25.17,45.05,86.4,30,0,7.76,MG,1601625421
Esperance,-33.87,121.9,57.2,93,90,18.34,AU,1601625461
Salalah,17.02,54.09,86.0,55,31,6.93,OM,1601625189
Mosquera,4.71,-74.23,42.8,93,40,4.7,CO,1601625465
Nyurba,63.28,118.33,37.35,71,75,5.7,RU,1601625466
Alice Town,25.72,-79.3,82.72,70,99,5.32,BS,1601625518
Thatta,24.75,67.92,98.67,30,0,15.19,PK,1601625521
Hammerfest,70.66,23.68,48.2,87,75,16.11,NO,1601625568
Rio Verde de Mato Grosso,-18.92,-54.84,81.3,24,68,4.05,BR,1601625580
Chërnaya Kholunitsa,58.85,51.72,58.95,73,67,4.94,RU,1601625593
Nikel,69.41,30.22,44.6,75,75,6.93,RU,1601625594
Athabasca,54.72,-113.29,46.15,85,0,6.58,CA,1601625605
Laguna,38.42,-121.42,71.6,72,1,2.8,US,1601625634
Yabrūd,33.97,36.66,69.8,64,0,4.41,SY,1601625686
Cidreira,-30.18,-50.21,64.56,97,100,4.74,BR,1601625687
Sitka,57.05,-135.33,62.6,51,75,17.22,US,1601625701
Tiznit Province,29.58,-9.5,62.91,82,2,2.82,MA,1601625702
Hazorasp,41.32,61.07,69.8,21,0,9.17,UZ,1601625702
Saint-Médard-en-Jalles,44.9,-0.72,55.0,93,100,9.17,FR,1601625709
Pemberton,50.32,-122.8,63.09,52,100,0.43,CA,1601625712
Gmina Opole Lubelskie,51.15,21.97,57.0,45,100,12.06,PL,1601625720
Beckley,37.78,-81.19,44.6,81,75,2.44,US,1601625648
Terråk,65.09,12.37,59.0,58,5,12.75,NO,1601625728
Oktyabr'skoye,43.06,44.74,60.8,67,100,4.47,RU,1601625728
Ngunguru,-35.62,174.5,54.0,79,100,6.93,NZ,1601625738
Upata,8.01,-62.4,70.7,97,100,5.28,VE,1601625772
Atar,20.52,-13.05,86.05,24,0,11.68,MR,1601625782
Clearwater,27.97,-82.8,73.4,82,1,3.36,US,1601625609
Aktau,43.65,51.2,69.8,19,2,17.9,KZ,1601625800
Caravelas,-17.71,-39.25,70.52,90,2,5.53,BR,1601625821
Łomża,53.18,22.06,55.71,82,100,15.05,PL,1601625614
Santa Isabel Rio Negro,-0.41,-65.02,72.41,97,95,1.97,BR,1601625831
Jalu,29.03,21.55,89.15,31,0,12.48,LY,1601625832
Cockburn Town,21.46,-71.14,83.88,78,38,21.59,TC,1601625766
Zilair,52.23,57.44,57.85,42,0,3.76,RU,1601625903
Nuuk,64.18,-51.72,39.2,89,100,12.75,GL,1601625905
Saint-Junien,45.88,0.9,52.0,93,90,12.75,FR,1601625934
Klaksvík,62.23,-6.59,57.2,62,40,16.11,FO,1601625937
Yilan,24.76,121.75,86.0,70,20,13.87,TW,1601625939
Vostok,46.49,135.88,46.9,93,100,2.57,RU,1601625940
Sémbé,1.65,14.58,79.92,72,84,1.5,CG,1601625948
Labytnangi,66.66,66.42,49.8,71,100,14.81,RU,1601626012
Port Hedland,-20.32,118.57,100.4,14,99,21.92,AU,1601626019
Divnomorskoye,44.5,38.14,67.59,82,100,6.17,RU,1601626021
Tuatapere,-46.13,167.68,59.0,63,100,11.01,NZ,1601625755
Mar del Plata,-38.0,-57.56,46.4,65,75,6.93,AR,1601625752
Hamilton,39.18,-84.53,45.0,81,1,3.36,US,1601625569
Lagoa,39.05,-27.98,67.24,82,100,15.17,PT,1601626032
Warwick,41.7,-71.42,59.0,100,1,4.7,US,1601626041
Monclova,26.9,-101.42,70.0,38,0,0.43,MX,1601626042
Swan Hill,-35.34,143.55,76.24,44,0,8.88,AU,1601626054
Leningradskiy,69.38,178.42,35.11,88,100,17.29,RU,1601626060
Provideniya,64.38,-173.3,38.32,90,99,14.43,RU,1601626062
Sur,22.57,59.53,93.02,32,0,9.75,OM,1601626064
Mount Isa,-20.73,139.5,95.0,13,5,11.41,AU,1601626065
Petropavlovsk-Kamchatskiy,53.05,158.65,48.2,76,54,6.71,RU,1601626068
Merauke,-8.47,140.33,82.36,65,86,20.09,ID,1601626093
Blind River,46.18,-82.96,41.0,80,75,12.75,CA,1601626100
Rome,43.21,-75.46,46.99,93,90,3.36,US,1601626143
Lorengau,-2.02,147.27,79.7,80,100,6.87,PG,1601626155
Inuvik,68.35,-133.72,42.8,87,20,4.7,CA,1601626017
Bhinga,27.72,81.93,90.3,56,7,3.71,IN,1601626200
Korla,41.76,86.15,66.99,21,0,6.29,CN,1601626244
Tasiilaq,65.61,-37.64,35.6,74,100,28.86,GL,1601626220
Chittarkonda,18.12,82.08,84.29,63,100,4.36,IN,1601626246
Janakpur Dham,26.72,85.91,92.34,55,16,1.97,NP,1601626248
Te Anau,-45.42,167.72,48.56,90,100,5.55,NZ,1601626239
Matam,15.62,-13.33,82.4,83,63,6.93,SN,1601626262
Kysyl-Syr,63.9,122.76,36.55,73,100,4.92,RU,1601626263
Los Llanos de Aridane,28.66,-17.92,71.6,78,75,18.34,ES,1601626309
Puerto Ayora,-0.74,-90.35,66.99,88,99,5.01,EC,1601626311
Palmer,42.16,-72.33,55.0,87,90,3.36,US,1601626314
Guilin,25.28,110.29,86.0,66,75,4.47,CN,1601626323
Sangīn,32.07,64.84,83.75,13,0,6.02,AF,1601626346
Tomatlán,19.93,-105.25,73.83,93,6,3.74,MX,1601626346
Suicheng,33.9,117.93,66.07,88,100,12.59,CN,1601626347
Chui,-33.7,-53.46,53.47,74,0,15.5,UY,1601626349
Ribeira Grande,38.52,-28.7,64.4,82,20,9.17,PT,1601626350
Namie,37.48,141.0,71.01,79,0,1.01,JP,1601626351
Umluj,25.02,37.27,92.88,39,0,9.46,SA,1601626352
Bandarbeyla,9.49,50.81,83.28,67,50,17.4,SO,1601626353
Rapid Valley,44.06,-103.15,44.6,59,1,6.93,US,1601626363
Lyantonde,-0.4,31.16,79.07,53,22,5.01,UG,1601626409
Bethel,41.37,-73.41,57.2,82,90,4.25,US,1601626417
Punta Arenas,-53.15,-70.92,30.2,68,75,8.05,CL,1601626195
Auki,-8.77,160.7,78.19,82,0,5.84,SB,1601626424
Albany,42.6,-73.97,54.0,73,100,1.92,US,1601626514
Kundiawa,-6.02,144.97,65.93,81,100,0.81,PG,1601626522
Hobart,-42.88,147.33,64.4,39,0,23.04,AU,1601626331
Mbanza-Ngungu,-5.25,14.87,78.28,63,100,5.64,CD,1601626577
Huarmey,-10.07,-78.15,60.82,87,22,7.58,PE,1601626578
Srednekolymsk,67.45,153.68,37.04,74,95,5.1,RU,1601626625
Senanga,-16.12,23.27,93.36,26,31,4.81,ZM,1601626628
Souillac,-20.52,57.52,78.8,61,40,6.93,MU,1601626631
Hermanus,-34.42,19.23,55.0,91,100,3.0,ZA,1601626633
Berezovyy,51.67,135.7,50.97,74,100,4.65,RU,1601626647
Griffith,41.53,-87.42,46.0,100,1,4.7,US,1601626650
Jérémie,18.65,-74.12,80.04,76,22,3.56,HT,1601626624
Kaeo,-35.1,173.78,53.01,82,100,1.99,NZ,1601626658
Gigmoto,13.78,124.39,86.0,70,100,7.65,PH,1601626659
Guaraniaçu,-25.1,-52.88,69.96,54,54,2.24,BR,1601626660
Tiarei,-17.53,-149.33,78.8,74,40,3.36,PF,1601626662
Arrondissement de Saint-Denis,48.92,2.33,55.99,100,100,10.29,FR,1601626663
Sheridan,44.83,-106.92,51.01,70,1,2.91,US,1601626700
Bako,5.78,36.57,76.93,62,1,1.19,ET,1601626701
Nibbar,36.29,8.77,69.8,64,0,1.12,TN,1601626710
Dāmghān,36.17,54.35,73.17,24,0,5.06,IR,1601626711
Kurumkan,54.3,110.3,38.64,69,100,3.0,RU,1601626729
Port Shepstone,-30.74,30.45,61.47,76,100,12.86,ZA,1601626731
Khandyga,62.67,135.6,34.12,86,20,1.7,RU,1601626732
Dutlwe,-23.98,23.9,77.49,16,11,1.28,BW,1601626739
Balabac,7.99,117.06,86.4,63,56,4.18,PH,1601626743
Fortuna,40.6,-124.16,57.0,100,90,1.92,US,1601626744
Carutapera,-1.2,-46.02,76.75,86,9,6.6,BR,1601626472
Busselton,-33.65,115.33,60.01,39,4,16.71,AU,1601626713
Dhārūr,18.82,76.12,85.37,50,54,9.24,IN,1601626770
La Seyne-sur-Mer,43.1,5.88,71.01,61,100,7.0,FR,1601626792
São José da Coroa Grande,-8.9,-35.15,75.4,82,77,10.92,BR,1601626794
Cooma,-36.23,149.13,68.0,30,0,13.87,AU,1601626795
Vao,-22.67,167.48,70.09,75,0,14.88,NC,1601626796
East London,-33.02,27.91,62.6,72,75,14.99,ZA,1601626797
Saint-Joseph,-21.37,55.62,80.6,61,22,10.29,RE,1601626801
Hainburg,50.07,8.95,55.99,92,100,5.57,DE,1601626815
Baruun-Urt,46.68,113.28,43.09,53,43,12.68,MN,1601626819
Saint-Augustin,51.23,-58.65,48.56,90,0,6.78,CA,1601626825
Dvinskoy Bereznik,62.86,42.71,54.09,79,61,2.95,RU,1601626825
Vaini,-21.2,-175.2,73.4,88,75,12.75,TO,1601626827
Alofi,-19.06,-169.92,75.2,100,71,5.82,NU,1601626828
Itarema,-2.92,-39.92,77.49,81,82,15.43,BR,1601626829
Mahabalipuram,12.63,80.17,95.0,50,40,4.7,IN,1601626830
Kharp,66.8,65.81,46.29,82,100,8.21,RU,1601626837
Havøysund,71.0,24.66,50.0,81,75,10.29,NO,1601626838
Diffa,13.32,12.61,90.37,40,2,12.26,NE,1601626840
Kondinskoye,59.65,67.41,58.55,62,38,9.93,RU,1601626848
Nouadhibou,20.93,-17.03,69.8,77,0,23.04,MR,1601626852
Zhangaözen,43.3,52.8,68.7,23,0,15.9,KZ,1601626852
Lexington Park,38.27,-76.45,61.0,77,90,9.17,US,1601626858
Mataura,-46.19,168.86,59.0,64,66,8.99,NZ,1601626886
Abhar,36.15,49.22,77.88,19,0,13.58,IR,1601626889
Sertanópolis,-23.06,-51.04,75.51,42,93,2.8,BR,1601626890
Falmouth,50.15,-5.07,51.8,93,75,26.4,GB,1601626652
Atasū,48.68,71.64,55.98,42,30,11.45,KZ,1601626898
Manicaragua,22.15,-79.97,73.4,94,75,3.36,CU,1601626910
Zyryanka,65.75,150.85,38.7,70,0,7.52,RU,1601626910
Bay-ang,11.03,122.94,86.11,70,83,4.41,PH,1601626911
Mporokoso,-9.37,30.12,87.44,25,0,5.53,ZM,1601626918
São Félix do Xingu,-6.64,-51.99,69.28,92,100,0.72,BR,1601626919
Saint-Philippe,-21.36,55.77,80.6,61,42,10.29,RE,1601626920
San Patricio,19.22,-104.7,77.58,86,0,4.43,MX,1601626932
Ketchikan,55.34,-131.65,55.4,100,90,5.82,US,1601626933
Magway,20.15,94.92,90.3,60,20,6.24,MM,1601627100
Mumbwa,-14.98,27.06,88.57,22,0,12.06,ZM,1601627100
Pahrump,36.21,-115.98,62.01,18,0,2.26,US,1601627021
Rocha,-34.48,-54.33,49.44,82,0,14.41,UY,1601627138
Jega,12.22,4.38,81.86,72,0,10.13,NG,1601627165
Batagay-Alyta,67.8,130.41,27.57,77,99,8.08,RU,1601627179
Pontes e Lacerda,-15.23,-59.34,76.98,53,24,1.34,BR,1601627181
Kumul,42.8,93.45,63.3,23,35,1.19,CN,1601627198
Ruteng,-8.61,120.47,72.45,77,80,1.77,ID,1601627266
Kutum,14.2,24.67,83.57,37,0,3.62,SD,1601627272
Porto Velho,-8.76,-63.9,75.2,94,90,2.24,BR,1601627273
Chisec,15.82,-90.28,71.49,92,100,2.15,GT,1601627291
Raja,8.46,25.68,82.22,73,1,3.62,SS,1601627292
Beringovskiy,63.05,179.32,38.62,89,100,23.33,RU,1601627294
Jacala,21.02,-99.18,45.75,90,3,2.37,MX,1601627300
Aran,40.63,46.98,75.2,47,75,4.7,AZ,1601627315
Vestmannaeyjar,63.44,-20.27,42.8,81,40,4.7,IS,1601627320
Boysun,38.21,67.2,62.64,28,0,8.63,UZ,1601627321
Ilulissat,69.22,-51.1,39.2,51,93,13.87,GL,1601627217
Urusha,54.05,122.9,47.66,78,100,5.99,RU,1601627346
Airai,-8.93,125.41,72.72,54,98,5.91,TL,1601627347
Vologda,59.22,39.89,59.92,59,100,5.35,RU,1601627409
Paamiut,61.99,-49.67,39.61,93,100,35.03,GL,1601627474
San Alberto,7.76,-73.39,73.36,81,99,1.72,CO,1601627496
San Benito Abad,8.93,-75.03,73.78,96,82,2.21,CO,1601627497
Broome,42.25,-75.83,48.99,87,75,4.7,US,1601627501
Hasaki,35.73,140.83,70.0,77,20,6.93,JP,1601627507
Bilma,18.69,12.92,98.53,9,0,8.86,NE,1601627519
Martapura,-3.42,114.85,89.6,55,40,8.05,ID,1601627520
Georgiyevskoye,58.73,45.02,60.69,59,100,3.49,RU,1601627532
Longyearbyen,78.22,15.64,32.0,91,75,1.72,SJ,1601627534
Goderich,43.75,-81.72,51.01,88,100,13.98,CA,1601627535
Dhankutā,26.98,87.33,79.65,70,69,5.59,NP,1601627538
Codrington,-38.27,141.97,67.68,67,0,10.56,AU,1601627595
Umm Hājar,13.3,19.7,90.1,47,11,5.5,TD,1601627596
Karratha,-20.74,116.85,90.46,24,83,20.07,AU,1601627602
Beyneu,45.32,55.2,70.75,19,0,14.67,KZ,1601627604
Arroyos y Esteros,-25.07,-57.1,82.4,51,3,8.05,PY,1601627616
Kurchum,48.57,83.65,54.48,39,0,3.69,KZ,1601627622
Conceição do Araguaia,-8.26,-49.26,75.88,63,8,3.8,BR,1601627624
Trairi,-3.28,-39.27,76.06,75,62,11.74,BR,1601627627
Pacific Grove,36.62,-121.92,64.4,67,90,4.07,US,1601627628
Korem,12.51,39.52,67.86,46,2,10.16,ET,1601627647
Port Augusta,-32.5,137.77,89.6,15,0,21.92,AU,1601627574
Tingi,-11.3,35.03,83.82,39,5,6.29,TZ,1601627649
Anamur,36.08,32.84,82.4,54,20,6.93,TR,1601627651
